nm, A
2000.000000, 1.114856
399.000000, 1.114809
