nm, A
3500.000000, 1.414856
550.000000, 1.814809
